,Last Name,First Name,height,weight,bmi
0,High,Zayden,81,225,24.106530861087002
1,Ryan,Cormac,77,195,23.11933813160953
2,Davis,RJ,72,180,24.40786249685059
